1,105186238,TrrentBeast,Rolan Chaban,16.05.2023 17:10,230
2,565107793,TheRealTrrent,Bella Ostrowsky,22.10.2023 18:04,189
3,875131939,TrrentUnleashed,Evelina Adamovich,19.02.2024 8:37,20
4,830972632,TrrentMaster,Alfred Romanoff,29.01.2024 3:05,25
5,866391415,TrrentWarrior,Omarr Kristoff,24.07.2023 15:00,66
6,431400770,TrrentGuru,Nadja Ostrowsky,30.08.2023 19:06,158
7,964129311,TrrentEmpire,Polina Babin,29.04.2023 10:44,379
8,887952152,TrrentLegend,Ferdinand Agin,15.11.2023 5:31,349
9,900820698,TrrentChampion,Nadja Sorokin,27.10.2023 17:29,369
10,747061018,TrrentNinja,Vito Kristoff,18.06.2023 16:33,152
11,299854540,TrrentRider,Dominika Duskin,13.10.2023 4:47,34
12,269663350,TrrentThunder,Dominika Markow,13.04.2024 7:43,387
13,204233794,TrrentWizard,Toma Galkin,02.03.2024 19:58,6
14,938723253,TrrentDreamer,Larisa Sokolov,22.08.2023 12:37,324
15,404578350,TrrentJourney,Daniel Laskin,27.03.2024 19:33,204
16,804741159,TrrentPhantom,Albin Sorokin,18.04.2023 16:00,359
17,813528192,TrrentShadow,Olga Antonoff,11.04.2024 2:44,278
18,649587089,TrrentMystic,Milan Adamovich,11.09.2023 4:34,22
19,359721456,TrrentSavage,Vira Antonoff,28.05.2023 9:25,298
20,912275571,TrrentSeeker,Anton Davydov,30.10.2023 13:05,373
21,378935147,BlakeTheGreat,Alexei Dobrow,24.04.2023 9:20,148
22,773879548,BlakeTheBrave,Janna Karlin,02.05.2023 15:06,166
23,103523740,BlakeTheWolf,Pavel Dmitriev,02.05.2024 5:17,75
24,319669636,BlakeTheLegend,Janna Polyakov,08.03.2023 8:37,193
25,588724652,BlakeTheWarrior,Tamara Elin,27.07.2023 13:13,105
26,124896227,BlakeTheBoss,Nadia Orlovsky,28.02.2024 12:00,113
27,350675148,BlakeTheWizard,Alfred Markov,26.11.2023 14:38,106
28,930279098,BlakeTheSavior,Zoya Bunin,06.03.2024 17:31,103
29,808207921,BlakeTheChampion,Karl Pavlov,16.02.2024 4:54,75
30,182905579,BlakeTheHunter,Luba Kuznetsov,08.06.2023 22:17,57
31,845554426,BlakeThePhantom,Katia Angeloff,14.10.2023 12:36,297
32,578940557,BlakeTheAce,Aviv Belinsky,25.05.2023 20:23,363
33,675036925,BlakeTheMaster,Tatyana Mishkin,06.10.2023 1:16,308
34,547207216,BlakeTheLionheart,Leon Kozlovsky,29.04.2024 7:34,297
35,557074516,BlakeTheAdventurer,Stefania Dmitriev,13.01.2023 9:11,320
36,208772777,BlakeTheExplorer,Vera Kuznetsov,11.06.2023 22:13,263
37,332308891,BlakeTheNinja,Nakisha Orloff,11.06.2023 2:03,181
38,940335832,BlakeTheGuardian,Dora Karp,20.11.2023 16:17,314
39,652575350,BlakeTheScribe,Regina Angeloff,16.10.2023 7:18,58
40,510351121,BlakeTheJester,Frederik Mishkin,20.09.2023 16:56,247
41,244469866,johntalks,Frida Baran,08.12.2023 22:39,236
42,520501996,johnnyb,Richard Litvin,02.04.2023 4:14,335
43,371566150,johnnykicks,Valentina Chaban,20.02.2023 1:32,211
44,166284426,johnsays,Nadja Elin,17.03.2024 11:32,10
45,378850343,johngoals,Ariel Morein,12.05.2024 1:06,366
46,312126416,johnnygood,Larisa Ivanoff,05.01.2023 17:07,245
47,423065985,johnnythoughts,Lazar Kuznetsov,29.07.2023 17:07,326
48,389522961,johnnyconnects,Natasha Volkov,05.04.2024 2:38,125
49,908174287,johnnystories,Tonja Caesar,21.04.2023 6:06,44
50,741239884,johnnyvibes,Angelika Karp,14.09.2023 3:42,98
51,279141476,johnnychats,Nakia Orlov,03.03.2024 6:49,151
52,577690152,johnnyinspires,Denis Gurkin,07.05.2023 2:41,86
53,272759882,johnnyexpress,Marja Orlovsky,13.04.2023 2:27,156
54,840760650,johnwave,Isidora Kuznetsov,02.05.2023 12:31,322
55,790088017,johndiscuss,Dimitri Petrov,06.04.2023 11:20,65
56,363302145,johnnyinfluence,Adam Kristoff,18.09.2023 16:58,273
57,138696868,johnnyconverse,Rudolf Romanoff,22.05.2023 8:40,203
58,420817077,johnnyinteract,Cezar Popov,30.12.2023 6:37,6
59,336786163,johnnymessage,Bella Sokoloff,06.11.2023 14:20,200
60,779530898,johnnyengage,Aviv Orlovsky,30.12.2023 23:21,145
61,255566746,JohnnyLover88,Avraham Novikoff,25.12.2023 15:43,160
62,955726636,JRockstar21,Nadia Belkin,20.05.2024 11:19,250
63,330920949,JohnnyBoy123,Gustav Adamovich,23.02.2024 9:18,3
64,671814146,SpeedyJohnny,Mark Petroff,17.04.2023 15:18,334
65,448289344,WiseJohnny,Liza Morein,01.07.2023 0:12,217
66,350167847,JohnnyTiger,Lazar Kozloff,03.12.2023 19:30,178
67,503261366,CoolJohnny27,Larissa Ostrowsky,06.10.2023 10:13,357
68,640311972,TheRealJohnny,Tonja Borin,09.03.2024 1:35,137
69,576305128,JohnnyAdventure,Karina Volkov,23.03.2023 22:20,176
70,821810282,JohnnyMystic,Vanessa Lipovsky,24.03.2024 6:42,184
71,524778106,RedHotJohnny,Leya Kozlovsky,14.02.2024 3:29,350
72,613308133,JohnnyThunder23,Edmund Belsky,30.11.2023 17:30,128
73,644738148,TechJohnny1,Marlena Popov,11.01.2024 23:47,189
74,658035315,JohnnyExplorer,Martin Antonoff,19.02.2023 1:56,224
75,433827854,VelvetJohnny,Bella Babinski,03.11.2023 18:34,162
76,503768560,JohnnyChillax,Avery Darin,03.04.2023 20:51,37
77,351830769,ElectricJohnny,Tatyana Karp,24.11.2023 5:25,211
78,225360845,JohnnyInnovator,Iliana Agin,14.07.2023 23:23,143
79,793330295,MightyJohnny,Dimitri Pavloff,28.12.2023 2:52,222
80,858390968,JohnnySoulful,Milena Petrov,24.08.2023 14:43,299
81,846949557,BinBinBinni,Cezar Abramov,24.08.2023 19:20,307
82,834038713,BinniBabble,Mariya Popoff,21.11.2023 13:10,109
83,965856210,BinniChatter,Vladislav Babin,18.08.2023 18:15,61
84,179490671,BinniGossip,Alfred Ostrovsky,21.11.2023 9:47,390
85,998248322,BinniHive,Vadim Ostrowsky,21.02.2023 10:49,305
86,699197271,BinniMagic,Tomas Lukin,07.07.2023 14:22,197
87,389542387,BinniWhispers,Maya Federoff,02.02.2023 20:16,165
88,795521691,BinniVibes,Vadim Burdin,26.11.2023 0:13,320
89,542410612,BinniBytes,Tonja Morein,05.05.2023 3:06,121
90,581637258,BinniQueen,Eduard Dmitriev,28.07.2023 14:46,8
91,242978254,BinniTales,Adolf Morein,23.04.2023 20:15,0
92,486939989,BinniEcho,Raissa Kristoff,11.03.2024 12:39,241
93,436571400,BinniMystery,Adrian Sokolov,05.07.2023 19:36,24
94,325948169,BinniSparks,Darya Antonoff,26.06.2023 20:57,338
95,340548879,BinniGlimmer,Robert Dmitriev,02.02.2024 2:47,41
96,231321619,BinniShine,Katya Abramov,16.05.2023 20:32,72
97,150832584,BinniWaves,Janna Duboff,30.08.2023 22:44,355
98,553327763,BinniBliss,Katya Evanoff,30.03.2024 13:51,381
99,237142332,BinniJourney,Vadim Falin,12.02.2024 19:04,44
100,674936482,BinniSparkle,Inna Federoff,25.10.2023 2:38,164
